﻿<?xml version="1.0" encoding="UTF-8"?>
<RScript xmlns="http://www.fao.org/rScript" xmlns:xsi="http://www.w3.org/2001/XMLSchema-instance"
	xsi:schemaLocation="http://www.fao.org/rScript rScript.xsd ">
	<Name>Impute Stock</Name>
	<Description>Impute, using the previously constructed model, changes in stocks.</Description>
	<Category>Imputation</Category>
	<Authors>
		<Author>
			<Name>Bruno Vidigal</Name>
			<Mail>bruno.caetanovidigal@fao.org</Mail>
		</Author>
	</Authors>
	<Params>
    <Param xmlns:xsi="http://www.w3.org/2001/XMLSchema-instance" xsi:type="Number">
            <Code>startYear</Code>
            <Label>First year</Label>
            <Description>The start of the imputation period</Description>
            <Compulsory>true</Compulsory>
            <Min>1991</Min>
            <Max>2013</Max>
    </Param>
    <Param xmlns:xsi="http://www.w3.org/2001/XMLSchema-instance" xsi:type="Number">
            <Code>endYear</Code>
            <Label>Last year</Label>
            <Description>The end of the imputation period</Description>
            <Compulsory>true</Compulsory>
            <Min>1999</Min>
            <Max>2014</Max>
    </Param>
	</Params>
	<Datasets>
		<MainDataset>
			<Code>aproduction</Code>
			<SelectableDimensions>
				<SelectableDimension compulsory="true">geographicAreaM49</SelectableDimension>
				<SelectableDimension compulsory="true">measuredItemCPC</SelectableDimension>
				<SelectableDimension compulsory="true">measuredElement</SelectableDimension>
				<SelectableDimension compulsory="true">timePointYears</SelectableDimension>
			</SelectableDimensions>
		</MainDataset>
	</Datasets>
	<InteractiveValidation>false</InteractiveValidation>
	<Background>false</Background>
</RScript>