﻿<?xml version="1.0" encoding="UTF-8"?>
<RScript xmlns="http://www.fao.org/rScript" xmlns:xsi="http://www.w3.org/2001/XMLSchema-instance"
	xsi:schemaLocation="http://www.fao.org/rScript rScript.xsd ">
	<Name>Build Stock Model</Name>
	<Description>Construct a model for estimating changes in stocks using measured data.</Description>
	<Category>Computation</Category>
	<Authors>
		<Author>
			<Name>Josh Browning</Name>
			<Mail>joshua.browning@fao.org</Mail>
		</Author>
	</Authors>
	<Datasets>
		<MainDataset>
			<Code>agriculture</Code>
			<SelectableDimensions>
				<SelectableDimension compulsory="true">geographicAreaM49</SelectableDimension>
				<SelectableDimension compulsory="true">measuredItemCPC</SelectableDimension>
				<SelectableDimension compulsory="true">measuredElement</SelectableDimension>
				<SelectableDimension compulsory="true">timePointYears</SelectableDimension>
			</SelectableDimensions>
		</MainDataset>
	</Datasets>
	<InteractiveValidation>false</InteractiveValidation>
	<Background>false</Background>
</RScript>

